clean_text,Sentiment,SentimentScore/Mixed,SentimentScore/Negative,SentimentScore/Neutral,SentimentScore/Positive,original_author
Where ASPCA SPCA_SG china continues horrific abuse animals How anyone suppochina b‚Ä¶ https //t.co/28NMUzSrCS,NEGATIVE,0.000002406273097221856,0.8268119096755981,0.17286939918994904,0.0003163140208926052,OpuntiaPotwell
shoaib100mph Thank speaking peta SPCA_SG ASPCA ‚Äú How Can You Eat Bats Dogs ‚Äù Shoaib Akhtar Lashes‚Ä¶ https //t.co/6gksw66Btm,POSITIVE,0.000002555358832978527,0.0002389448491157964,0.13892918825149536,0.8608293533325195,OpuntiaPotwell
cesc_wafiq Neseruler I hope SPCA_SG acts fast secure rescue cat nparksbuzz please please assist secure the‚Ä¶,NEUTRAL,0.000008064262146945111,0.0030076615512371063,0.6478776931762695,0.3491065502166748,hanizaaspany
cesc_wafiq Neseruler I hope SPCA_SG acts fast secure rescue cat nparksbuzz please please assist secure the‚Ä¶,NEUTRAL,0.000008064262146945111,0.0030076615512371063,0.6478776931762695,0.3491065502166748,KucenJalananMy
cesc_wafiq Neseruler I hope SPCA_SG acts fast secure rescue cat nparksbuzz please please assist secure the‚Ä¶,NEUTRAL,0.000008064262146945111,0.0030076615512371063,0.6478776931762695,0.3491065502166748,Zrulrht
cesc_wafiq Neseruler I hope SPCA_SG acts fast secure rescue cat nparksbuzz please please assist secure the‚Ä¶,NEUTRAL,0.000008064262146945111,0.0030076615512371063,0.6478776931762695,0.3491065502166748,eLHariZZz
cesc_wafiq Neseruler I hope SPCA_SG acts fast secure rescue cat nparksbuzz please please assist secure the‚Ä¶,NEUTRAL,0.000008064262146945111,0.0030076615512371063,0.6478776931762695,0.3491065502166748,itsnurulaisyah
cesc_wafiq Neseruler I hope SPCA_SG acts fast secure rescue cat nparksbuzz please please assist secure the‚Ä¶,NEUTRAL,0.000008064262146945111,0.0030076615512371063,0.6478776931762695,0.3491065502166748,Fweni3
cesc_wafiq Neseruler I hope SPCA_SG acts fast secure rescue cat nparksbuzz please please assist secure the‚Ä¶,NEUTRAL,0.000008064262146945111,0.0030076615512371063,0.6478776931762695,0.3491065502166748,kikihoya_
cesc_wafiq Neseruler I hope SPCA_SG acts fast secure rescue cat nparksbuzz please please assist secure the‚Ä¶,NEUTRAL,0.000008064262146945111,0.0030076615512371063,0.6478776931762695,0.3491065502166748,alyn_shahirah
cesc_wafiq Neseruler I hope SPCA_SG acts fast secure rescue cat nparksbuzz please please assist secure the‚Ä¶,NEUTRAL,0.000008064262146945111,0.0030076615512371063,0.6478776931762695,0.3491065502166748,syazwanbahri
cesc_wafiq Neseruler I hope SPCA_SG acts fast secure rescue cat nparksbuzz please please assist secure the‚Ä¶,NEUTRAL,0.000008064262146945111,0.0030076615512371063,0.6478776931762695,0.3491065502166748,reylasier
cesc_wafiq Neseruler SPCA_SG nparksbuzz update,NEUTRAL,0.0000013448863001030986,0.000031187155400402844,0.9989364743232727,0.0010310313664376736,mashueggplant
cesc_wafiq Neseruler I hope SPCA_SG acts fast secure rescue cat nparksbuzz please please assist secure the‚Ä¶,NEUTRAL,0.000008064262146945111,0.0030076615512371063,0.6478776931762695,0.3491065502166748,h0eizm
cesc_wafiq Neseruler I hope SPCA_SG acts fast secure rescue cat nparksbuzz please please assist secure the‚Ä¶,NEUTRAL,0.000008064262146945111,0.0030076615512371063,0.6478776931762695,0.3491065502166748,Natasya_Rahami
cesc_wafiq Neseruler I hope SPCA_SG acts fast secure rescue cat nparksbuzz please please assist secure the‚Ä¶,NEUTRAL,0.000008064262146945111,0.0030076615512371063,0.6478776931762695,0.3491065502166748,sinnamonster
cesc_wafiq Neseruler I hope SPCA_SG acts fast secure rescue cat nparksbuzz please please assist secure the‚Ä¶,NEUTRAL,0.000008064262146945111,0.0030076615512371063,0.6478776931762695,0.3491065502166748,yuyujohari
cesc_wafiq Neseruler I hope SPCA_SG acts fast secure rescue cat nparksbuzz please please assist secure the‚Ä¶,NEUTRAL,0.000008064262146945111,0.0030076615512371063,0.6478776931762695,0.3491065502166748,peachasinpitch
cesc_wafiq Neseruler I hope SPCA_SG acts fast secure rescue cat nparksbuzz please please assist secure the‚Ä¶,NEUTRAL,0.000008064262146945111,0.0030076615512371063,0.6478776931762695,0.3491065502166748,shineemywangjas
cesc_wafiq Neseruler I hope SPCA_SG acts fast secure rescue cat nparksbuzz please please assist secure the‚Ä¶,NEUTRAL,0.000008064262146945111,0.0030076615512371063,0.6478776931762695,0.3491065502166748,snr4z
cesc_wafiq Neseruler I hope SPCA_SG acts fast secure rescue cat nparksbuzz please please assist secure the‚Ä¶,NEUTRAL,0.000008064262146945111,0.0030076615512371063,0.6478776931762695,0.3491065502166748,z_yee31
cesc_wafiq Neseruler I hope SPCA_SG acts fast secure rescue cat nparksbuzz please please assist secure the‚Ä¶,NEUTRAL,0.000008064262146945111,0.0030076615512371063,0.6478776931762695,0.3491065502166748,Xey_Jr10
cesc_wafiq Neseruler I hope SPCA_SG acts fast secure rescue cat nparksbuzz please please assist secure the‚Ä¶,NEUTRAL,0.000008064262146945111,0.0030076615512371063,0.6478776931762695,0.3491065502166748,madsyahmi2
cesc_wafiq Neseruler I hope SPCA_SG acts fast secure rescue cat nparksbuzz please please assist secure the‚Ä¶,NEUTRAL,0.000008064262146945111,0.0030076615512371063,0.6478776931762695,0.3491065502166748,blahfurhsnarg
cesc_wafiq Neseruler I hope SPCA_SG acts fast secure rescue cat nparksbuzz please please assist secure the‚Ä¶,NEUTRAL,0.000008064262146945111,0.0030076615512371063,0.6478776931762695,0.3491065502166748,FarLachowski
cesc_wafiq Neseruler I hope SPCA_SG acts fast secure rescue cat nparksbuzz please please assist secure the‚Ä¶,NEUTRAL,0.000008064262146945111,0.0030076615512371063,0.6478776931762695,0.3491065502166748,shxtkhb
cesc_wafiq Neseruler I hope SPCA_SG acts fast secure rescue cat nparksbuzz please please assist secure the‚Ä¶,NEUTRAL,0.000008064262146945111,0.0030076615512371063,0.6478776931762695,0.3491065502166748,FarrizRezza
cesc_wafiq Neseruler I hope SPCA_SG acts fast secure rescue cat nparksbuzz please please assist secure the‚Ä¶,NEUTRAL,0.000008064262146945111,0.0030076615512371063,0.6478776931762695,0.3491065502166748,syafiqahmaz
cesc_wafiq Neseruler I hope SPCA_SG acts fast secure rescue cat nparksbuzz please please assist secure the‚Ä¶,NEUTRAL,0.000008064262146945111,0.0030076615512371063,0.6478776931762695,0.3491065502166748,nolnisa
cesc_wafiq Neseruler I hope SPCA_SG acts fast secure rescue cat nparksbuzz please please assist secure the‚Ä¶,NEUTRAL,0.000008064262146945111,0.0030076615512371063,0.6478776931762695,0.3491065502166748,_winterm00n
cesc_wafiq Neseruler I hope SPCA_SG acts fast secure rescue cat nparksbuzz please please assist secure the‚Ä¶,NEUTRAL,0.000008064262146945111,0.0030076615512371063,0.6478776931762695,0.3491065502166748,WaniF_
cesc_wafiq Neseruler I hope SPCA_SG acts fast secure rescue cat nparksbuzz please please assist secure the‚Ä¶,NEUTRAL,0.000008064262146945111,0.0030076615512371063,0.6478776931762695,0.3491065502166748,ghnaudi
cesc_wafiq Neseruler I hope SPCA_SG acts fast secure rescue cat nparksbuzz please please assist secure the‚Ä¶,NEUTRAL,0.000008064262146945111,0.0030076615512371063,0.6478776931762695,0.3491065502166748,peachydells
cesc_wafiq Neseruler I hope SPCA_SG acts fast secure rescue cat nparksbuzz please please assist secure the‚Ä¶,NEUTRAL,0.000008064262146945111,0.0030076615512371063,0.6478776931762695,0.3491065502166748,xxabbee_
cesc_wafiq Neseruler I hope SPCA_SG acts fast secure rescue cat nparksbuzz please please assist secure the‚Ä¶,NEUTRAL,0.000008064262146945111,0.0030076615512371063,0.6478776931762695,0.3491065502166748,LuqmanMadzlan_
SPCA_SG Do job guys Lock prison That innocent creature n't deserve this.. Stupid fucker https //t.co/sxHO47wHZG,NEGATIVE,0.000005143690941622481,0.9546166658401489,0.04520006105303764,0.00017810941790230572,echaradzuan
cesc_wafiq Neseruler I hope SPCA_SG acts fast secure rescue cat nparksbuzz please please assist secure the‚Ä¶,NEUTRAL,0.000008064262146945111,0.0030076615512371063,0.6478776931762695,0.3491065502166748,znyblqxs
cesc_wafiq Neseruler I hope SPCA_SG acts fast secure rescue cat nparksbuzz please please assist secure the‚Ä¶,NEUTRAL,0.000008064262146945111,0.0030076615512371063,0.6478776931762695,0.3491065502166748,mytime0309
cesc_wafiq Neseruler I hope SPCA_SG acts fast secure rescue cat nparksbuzz please please assist secure the‚Ä¶,NEUTRAL,0.000008064262146945111,0.0030076615512371063,0.6478776931762695,0.3491065502166748,racquelwho
cesc_wafiq Neseruler I hope SPCA_SG acts fast secure rescue cat nparksbuzz please please assist secure the‚Ä¶,NEUTRAL,0.000008064262146945111,0.0030076615512371063,0.6478776931762695,0.3491065502166748,AmirArifCR7
cesc_wafiq Neseruler I hope SPCA_SG acts fast secure rescue cat nparksbuzz please please assist secure the‚Ä¶,NEUTRAL,0.000008064262146945111,0.0030076615512371063,0.6478776931762695,0.3491065502166748,f_fitrihani
cesc_wafiq Neseruler I hope SPCA_SG acts fast secure rescue cat nparksbuzz please please assist secure the‚Ä¶,NEUTRAL,0.000008064262146945111,0.0030076615512371063,0.6478776931762695,0.3491065502166748,ctnursr
cesc_wafiq Neseruler I hope SPCA_SG acts fast secure rescue cat nparksbuzz please please assist secure the‚Ä¶,NEUTRAL,0.000008064262146945111,0.0030076615512371063,0.6478776931762695,0.3491065502166748,adrianaeddie
cesc_wafiq Neseruler I hope SPCA_SG acts fast secure rescue cat nparksbuzz please please assist secure the‚Ä¶,NEUTRAL,0.000008064262146945111,0.0030076615512371063,0.6478776931762695,0.3491065502166748,YanaYummiey
cesc_wafiq Neseruler I hope SPCA_SG acts fast secure rescue cat nparksbuzz please please assist secure the‚Ä¶,NEUTRAL,0.000008064262146945111,0.0030076615512371063,0.6478776931762695,0.3491065502166748,azizibhrdn
hugobrown SPCA_SG nparksbuzz Just let cat free find new owner Those monkeys capable handling pet.. Go die..,NEUTRAL,0.001084033283405006,0.024277547374367714,0.9558631181716919,0.018775323405861855,NurZainatulhani
hugobrown cesc_wafiq Neseruler SPCA_SG nparksbuzz üôèüèΩ I hope SPCA_SG rescue cat even way treat ca‚Ä¶,POSITIVE,0.000005501695795828709,0.0004157439398113638,0.4423748850822449,0.5572038292884827,NurZainatulhani
cesc_wafiq Neseruler I hope SPCA_SG acts fast secure rescue cat nparksbuzz please please assist secure the‚Ä¶,NEUTRAL,0.000008064262146945111,0.0030076615512371063,0.6478776931762695,0.3491065502166748,StickyyBoo
cesc_wafiq Neseruler I hope SPCA_SG acts fast secure rescue cat nparksbuzz please please assist secure the‚Ä¶,NEUTRAL,0.000008064262146945111,0.0030076615512371063,0.6478776931762695,0.3491065502166748,nieyaanaraa
cesc_wafiq Neseruler I hope SPCA_SG acts fast secure rescue cat nparksbuzz please please assist secure the‚Ä¶,NEUTRAL,0.000008064262146945111,0.0030076615512371063,0.6478776931762695,0.3491065502166748,4ngelinaChin
Neseruler Cerys_MOONCHILD SPCA_SG something üò≠üò≠üò≠üò≠üò≠üò≠,NEUTRAL,0.0000017189333902933868,0.005408013705164194,0.9793722033500671,0.015218034386634827,BangtanBee14
cesc_wafiq Neseruler I hope SPCA_SG acts fast secure rescue cat nparksbuzz please please assist secure the‚Ä¶,NEUTRAL,0.000008064262146945111,0.0030076615512371063,0.6478776931762695,0.3491065502166748,amirkamikaze
cesc_wafiq Neseruler I hope SPCA_SG acts fast secure rescue cat nparksbuzz please please assist secure the‚Ä¶,NEUTRAL,0.000008064262146945111,0.0030076615512371063,0.6478776931762695,0.3491065502166748,Cerys_MOONCHILD
cesc_wafiq Neseruler I hope SPCA_SG acts fast secure rescue cat nparksbuzz please please assist secure the‚Ä¶,NEUTRAL,0.000008064262146945111,0.0030076615512371063,0.6478776931762695,0.3491065502166748,louderdanbombs
cesc_wafiq Neseruler I hope SPCA_SG acts fast secure rescue cat nparksbuzz please please assist secure the‚Ä¶,NEUTRAL,0.000008064262146945111,0.0030076615512371063,0.6478776931762695,0.3491065502166748,frnklby_
cesc_wafiq Neseruler I hope SPCA_SG acts fast secure rescue cat nparksbuzz please please assist secure the‚Ä¶,NEUTRAL,0.000008064262146945111,0.0030076615512371063,0.6478776931762695,0.3491065502166748,listambeee
cesc_wafiq Neseruler I hope SPCA_SG acts fast secure rescue cat nparksbuzz please please assist secure the‚Ä¶,NEUTRAL,0.000008064262146945111,0.0030076615512371063,0.6478776931762695,0.3491065502166748,rocaa_sn
cesc_wafiq Neseruler I hope SPCA_SG acts fast secure rescue cat nparksbuzz please please assist secure the‚Ä¶,NEUTRAL,0.000008064262146945111,0.0030076615512371063,0.6478776931762695,0.3491065502166748,dalilaathirahhh
cesc_wafiq Neseruler I hope SPCA_SG acts fast secure rescue cat nparksbuzz please please assist secure the‚Ä¶,NEUTRAL,0.000008064262146945111,0.0030076615512371063,0.6478776931762695,0.3491065502166748,withl0vef
cesc_wafiq Neseruler I hope SPCA_SG acts fast secure rescue cat nparksbuzz please please assist secure the‚Ä¶,NEUTRAL,0.000008064262146945111,0.0030076615512371063,0.6478776931762695,0.3491065502166748,ronaldorayco
cesc_wafiq Neseruler I hope SPCA_SG acts fast secure rescue cat nparksbuzz please please assist secure the‚Ä¶,NEUTRAL,0.000008064262146945111,0.0030076615512371063,0.6478776931762695,0.3491065502166748,Bloomingyoongi_
cesc_wafiq Neseruler I hope SPCA_SG acts fast secure rescue cat nparksbuzz please please assist secure the‚Ä¶,NEUTRAL,0.000008064262146945111,0.0030076615512371063,0.6478776931762695,0.3491065502166748,Sofiasahidah
cesc_wafiq Neseruler I hope SPCA_SG acts fast secure rescue cat nparksbuzz please please assist secure the‚Ä¶,NEUTRAL,0.000008064262146945111,0.0030076615512371063,0.6478776931762695,0.3491065502166748,pinkpikachu_
cesc_wafiq Neseruler I hope SPCA_SG acts fast secure rescue cat nparksbuzz please please assist secure the‚Ä¶,NEUTRAL,0.000008064262146945111,0.0030076615512371063,0.6478776931762695,0.3491065502166748,FarhanahMalik
cesc_wafiq Neseruler I hope SPCA_SG acts fast secure rescue cat nparksbuzz please please assist secure the‚Ä¶,NEUTRAL,0.000008064262146945111,0.0030076615512371063,0.6478776931762695,0.3491065502166748,immazack_
cesc_wafiq Neseruler I hope SPCA_SG acts fast secure rescue cat nparksbuzz please please assist secure the‚Ä¶,NEUTRAL,0.000008064262146945111,0.0030076615512371063,0.6478776931762695,0.3491065502166748,wesleyagustian
cesc_wafiq Neseruler I hope SPCA_SG acts fast secure rescue cat nparksbuzz please please assist secure the‚Ä¶,NEUTRAL,0.000008064262146945111,0.0030076615512371063,0.6478776931762695,0.3491065502166748,AinnMonster
cesc_wafiq Neseruler I hope SPCA_SG acts fast secure rescue cat nparksbuzz please please assist secure the‚Ä¶,NEUTRAL,0.000008064262146945111,0.0030076615512371063,0.6478776931762695,0.3491065502166748,sjnrdn
cesc_wafiq Neseruler I hope SPCA_SG acts fast secure rescue cat nparksbuzz please please assist secure the‚Ä¶,NEUTRAL,0.000008064262146945111,0.0030076615512371063,0.6478776931762695,0.3491065502166748,ochabchsn
cesc_wafiq Neseruler I hope SPCA_SG acts fast secure rescue cat nparksbuzz please please assist secure the‚Ä¶,NEUTRAL,0.000008064262146945111,0.0030076615512371063,0.6478776931762695,0.3491065502166748,Anssyfqh1
cesc_wafiq Neseruler I hope SPCA_SG acts fast secure rescue cat nparksbuzz please please assist secure the‚Ä¶,NEUTRAL,0.000008064262146945111,0.0030076615512371063,0.6478776931762695,0.3491065502166748,nqilahh
cesc_wafiq Neseruler I hope SPCA_SG acts fast secure rescue cat nparksbuzz please please assist secure the‚Ä¶,NEUTRAL,0.000008064262146945111,0.0030076615512371063,0.6478776931762695,0.3491065502166748,qurrAAtu
cesc_wafiq Neseruler I hope SPCA_SG acts fast secure rescue cat nparksbuzz please please assist secure the‚Ä¶,NEUTRAL,0.000008064262146945111,0.0030076615512371063,0.6478776931762695,0.3491065502166748,yiborahae_twt
cesc_wafiq Neseruler I hope SPCA_SG acts fast secure rescue cat nparksbuzz please please assist secure the‚Ä¶,NEUTRAL,0.000008064262146945111,0.0030076615512371063,0.6478776931762695,0.3491065502166748,_fmeera
cesc_wafiq Neseruler I hope SPCA_SG acts fast secure rescue cat nparksbuzz please please assist secure the‚Ä¶,NEUTRAL,0.000008064262146945111,0.0030076615512371063,0.6478776931762695,0.3491065502166748,cikguesther
hugobrown cesc_wafiq Neseruler SPCA_SG nparksbuzz üôèüèΩ I hope SPCA_SG rescue cat even way treat ca‚Ä¶,POSITIVE,0.000005501695795828709,0.0004157439398113638,0.4423748850822449,0.5572038292884827,aqielahs98_
cesc_wafiq Neseruler I hope SPCA_SG acts fast secure rescue cat nparksbuzz please please assist secure the‚Ä¶,NEUTRAL,0.000008064262146945111,0.0030076615512371063,0.6478776931762695,0.3491065502166748,MakcikHaram
cesc_wafiq Neseruler I hope SPCA_SG acts fast secure rescue cat nparksbuzz please please assist secure the‚Ä¶,NEUTRAL,0.000008064262146945111,0.0030076615512371063,0.6478776931762695,0.3491065502166748,dikily99
cesc_wafiq Neseruler I hope SPCA_SG acts fast secure rescue cat nparksbuzz please please assist secure the‚Ä¶,NEUTRAL,0.000008064262146945111,0.0030076615512371063,0.6478776931762695,0.3491065502166748,callmessoon
cesc_wafiq Neseruler I hope SPCA_SG acts fast secure rescue cat nparksbuzz please please assist secure the‚Ä¶,NEUTRAL,0.000008064262146945111,0.0030076615512371063,0.6478776931762695,0.3491065502166748,mbb_army
cesc_wafiq Neseruler I hope SPCA_SG acts fast secure rescue cat nparksbuzz please please assist secure the‚Ä¶,NEUTRAL,0.000008064262146945111,0.0030076615512371063,0.6478776931762695,0.3491065502166748,daehyungemuk
cesc_wafiq Neseruler I hope SPCA_SG acts fast secure rescue cat nparksbuzz please please assist secure the‚Ä¶,NEUTRAL,0.000008064262146945111,0.0030076615512371063,0.6478776931762695,0.3491065502166748,AkirMars
cesc_wafiq Neseruler I hope SPCA_SG acts fast secure rescue cat nparksbuzz please please assist secure the‚Ä¶,NEUTRAL,0.000008064262146945111,0.0030076615512371063,0.6478776931762695,0.3491065502166748,hdhyzr
cesc_wafiq Neseruler I hope SPCA_SG acts fast secure rescue cat nparksbuzz please please assist secure the‚Ä¶,NEUTRAL,0.000008064262146945111,0.0030076615512371063,0.6478776931762695,0.3491065502166748,AimanAzlan17
cesc_wafiq Neseruler I hope SPCA_SG acts fast secure rescue cat nparksbuzz please please assist secure the‚Ä¶,NEUTRAL,0.000008064262146945111,0.0030076615512371063,0.6478776931762695,0.3491065502166748,ainarzharii
cesc_wafiq Neseruler I hope SPCA_SG acts fast secure rescue cat nparksbuzz please please assist secure the‚Ä¶,NEUTRAL,0.000008064262146945111,0.0030076615512371063,0.6478776931762695,0.3491065502166748,ainanzrh_
cesc_wafiq Neseruler I hope SPCA_SG acts fast secure rescue cat nparksbuzz please please assist secure the‚Ä¶,NEUTRAL,0.000008064262146945111,0.0030076615512371063,0.6478776931762695,0.3491065502166748,aaassliem
cesc_wafiq Neseruler I hope SPCA_SG acts fast secure rescue cat nparksbuzz please please assist secure the‚Ä¶,NEUTRAL,0.000008064262146945111,0.0030076615512371063,0.6478776931762695,0.3491065502166748,jolynliauw
cesc_wafiq Neseruler I hope SPCA_SG acts fast secure rescue cat nparksbuzz please please assist secure the‚Ä¶,NEUTRAL,0.000008064262146945111,0.0030076615512371063,0.6478776931762695,0.3491065502166748,_aezm
cesc_wafiq Neseruler I hope SPCA_SG acts fast secure rescue cat nparksbuzz please please assist secure the‚Ä¶,NEUTRAL,0.000008064262146945111,0.0030076615512371063,0.6478776931762695,0.3491065502166748,TgAthiya
cesc_wafiq Neseruler I hope SPCA_SG acts fast secure rescue cat nparksbuzz please please assist secure the‚Ä¶,NEUTRAL,0.000008064262146945111,0.0030076615512371063,0.6478776931762695,0.3491065502166748,Lee_LannaLOL
cesc_wafiq Neseruler I hope SPCA_SG acts fast secure rescue cat nparksbuzz please please assist secure the‚Ä¶,NEUTRAL,0.000008064262146945111,0.0030076615512371063,0.6478776931762695,0.3491065502166748,xaarwyx
cesc_wafiq Neseruler I hope SPCA_SG acts fast secure rescue cat nparksbuzz please please assist secure the‚Ä¶,NEUTRAL,0.000008064262146945111,0.0030076615512371063,0.6478776931762695,0.3491065502166748,IzznaraAnn
cesc_wafiq Neseruler I hope SPCA_SG acts fast secure rescue cat nparksbuzz please please assist secure the‚Ä¶,NEUTRAL,0.000008064262146945111,0.0030076615512371063,0.6478776931762695,0.3491065502166748,ricegoreng
cesc_wafiq Neseruler I hope SPCA_SG acts fast secure rescue cat nparksbuzz please please assist secure the‚Ä¶,NEUTRAL,0.000008064262146945111,0.0030076615512371063,0.6478776931762695,0.3491065502166748,ainnjhhnrzm
cesc_wafiq Neseruler I hope SPCA_SG acts fast secure rescue cat nparksbuzz please please assist secure the‚Ä¶,NEUTRAL,0.000008064262146945111,0.0030076615512371063,0.6478776931762695,0.3491065502166748,usedtoberamay
cesc_wafiq Neseruler I hope SPCA_SG acts fast secure rescue cat nparksbuzz please please assist secure the‚Ä¶,NEUTRAL,0.000008064262146945111,0.0030076615512371063,0.6478776931762695,0.3491065502166748,noornabilahx
cesc_wafiq Neseruler I hope SPCA_SG acts fast secure rescue cat nparksbuzz please please assist secure the‚Ä¶,NEUTRAL,0.000008064262146945111,0.0030076615512371063,0.6478776931762695,0.3491065502166748,naramoon_
cesc_wafiq Neseruler I hope SPCA_SG acts fast secure rescue cat nparksbuzz please please assist secure the‚Ä¶,NEUTRAL,0.000008064262146945111,0.0030076615512371063,0.6478776931762695,0.3491065502166748,SmexyThang_
cesc_wafiq Neseruler I hope SPCA_SG acts fast secure rescue cat nparksbuzz please please assist secure the‚Ä¶,NEUTRAL,0.000008064262146945111,0.0030076615512371063,0.6478776931762695,0.3491065502166748,efdzly
I SWEAR TO GOD IF THERE IS ONE THING I CAN NOT TOLERATE IT 'S ANIMAL ABUSE SPCA_SG PLEASE MAKE SURE YOU LOOK INTO T‚Ä¶ https //t.co/HGxFCxI9Aa,NEUTRAL,0.0020856293849647045,0.30068421363830566,0.6270188093185425,0.07021137326955795,4lishakaur
cesc_wafiq Neseruler I hope SPCA_SG acts fast secure rescue cat nparksbuzz please please assist secure the‚Ä¶,NEUTRAL,0.000008064262146945111,0.0030076615512371063,0.6478776931762695,0.3491065502166748,imnotain
cesc_wafiq Neseruler I hope SPCA_SG acts fast secure rescue cat nparksbuzz please please assist secure the‚Ä¶,NEUTRAL,0.000008064262146945111,0.0030076615512371063,0.6478776931762695,0.3491065502166748,nadiaaothmn
cesc_wafiq Neseruler I hope SPCA_SG acts fast secure rescue cat nparksbuzz please please assist secure the‚Ä¶,NEUTRAL,0.000008064262146945111,0.0030076615512371063,0.6478776931762695,0.3491065502166748,teh_papi
cesc_wafiq Neseruler I hope SPCA_SG acts fast secure rescue cat nparksbuzz please please assist secure the‚Ä¶,NEUTRAL,0.000008064262146945111,0.0030076615512371063,0.6478776931762695,0.3491065502166748,ecvhvhvhv
cesc_wafiq Neseruler I hope SPCA_SG acts fast secure rescue cat nparksbuzz please please assist secure the‚Ä¶,NEUTRAL,0.000008064262146945111,0.0030076615512371063,0.6478776931762695,0.3491065502166748,BobbyGayButo
cesc_wafiq Neseruler SPCA_SG nparksbuzz Any updates,NEUTRAL,0.000008064262146945111,0.0030076615512371063,0.6478776931762695,0.3491065502166748,BobbyGayButo
cesc_wafiq Neseruler I hope SPCA_SG acts fast secure rescue cat nparksbuzz please please assist secure the‚Ä¶,NEUTRAL,9.384845043314272e-7,0.00003624631790444255,0.9988164901733398,0.0011463642586022615,sujihangus
cesc_wafiq Neseruler I hope SPCA_SG acts fast secure rescue cat nparksbuzz please please assist secure the‚Ä¶,NEUTRAL,0.000008064262146945111,0.0030076615512371063,0.6478776931762695,0.3491065502166748,termenungsaja
cesc_wafiq Neseruler I hope SPCA_SG acts fast secure rescue cat nparksbuzz please please assist secure the‚Ä¶,NEUTRAL,0.000008064262146945111,0.0030076615512371063,0.6478776931762695,0.3491065502166748,nurinakamilia1
cesc_wafiq Neseruler I hope SPCA_SG acts fast secure rescue cat nparksbuzz please please assist secure the‚Ä¶,NEUTRAL,0.000008064262146945111,0.0030076615512371063,0.6478776931762695,0.3491065502166748,qesthina
cesc_wafiq Neseruler I hope SPCA_SG acts fast secure rescue cat nparksbuzz please please assist secure the‚Ä¶,NEUTRAL,0.000008064262146945111,0.0030076615512371063,0.6478776931762695,0.3491065502166748,Mierakwan
cesc_wafiq Neseruler I hope SPCA_SG acts fast secure rescue cat nparksbuzz please please assist secure the‚Ä¶,NEUTRAL,0.000008064262146945111,0.0030076615512371063,0.6478776931762695,0.3491065502166748,bidadaryza
cesc_wafiq Neseruler I hope SPCA_SG acts fast secure rescue cat nparksbuzz please please assist secure the‚Ä¶,NEUTRAL,0.000008064262146945111,0.0030076615512371063,0.6478776931762695,0.3491065502166748,emannnabila_
cesc_wafiq Neseruler I hope SPCA_SG acts fast secure rescue cat nparksbuzz please please assist secure the‚Ä¶,NEUTRAL,0.000008064262146945111,0.0030076615512371063,0.6478776931762695,0.3491065502166748,aisyahhzakiahh
cesc_wafiq Neseruler I hope SPCA_SG acts fast secure rescue cat nparksbuzz please please assist secure the‚Ä¶,NEUTRAL,0.000008064262146945111,0.0030076615512371063,0.6478776931762695,0.3491065502166748,_SarahDeen
cesc_wafiq Neseruler I hope SPCA_SG acts fast secure rescue cat nparksbuzz please please assist secure the‚Ä¶,NEUTRAL,0.000008064262146945111,0.0030076615512371063,0.6478776931762695,0.3491065502166748,aeriwxs
cesc_wafiq Neseruler I hope SPCA_SG acts fast secure rescue cat nparksbuzz please please assist secure the‚Ä¶,NEUTRAL,0.000008064262146945111,0.0030076615512371063,0.6478776931762695,0.3491065502166748,nrlxqlh
cesc_wafiq Neseruler I hope SPCA_SG acts fast secure rescue cat nparksbuzz please please assist secure the‚Ä¶,NEUTRAL,0.000008064262146945111,0.0030076615512371063,0.6478776931762695,0.3491065502166748,aqilahhhhhhh199
cesc_wafiq Neseruler I hope SPCA_SG acts fast secure rescue cat nparksbuzz please please assist secure the‚Ä¶,NEUTRAL,0.000008064262146945111,0.0030076615512371063,0.6478776931762695,0.3491065502166748,shanfelawer
cesc_wafiq Neseruler I hope SPCA_SG acts fast secure rescue cat nparksbuzz please please assist secure the‚Ä¶,NEUTRAL,0.000008064262146945111,0.0030076615512371063,0.6478776931762695,0.3491065502166748,nnzkay
cesc_wafiq Neseruler I hope SPCA_SG acts fast secure rescue cat nparksbuzz please please assist secure the‚Ä¶,NEUTRAL,0.000008064262146945111,0.0030076615512371063,0.6478776931762695,0.3491065502166748,akmalarief10
cesc_wafiq Neseruler I hope SPCA_SG acts fast secure rescue cat nparksbuzz please please assist secure the‚Ä¶,NEUTRAL,0.000008064262146945111,0.0030076615512371063,0.6478776931762695,0.3491065502166748,noe_llya
cesc_wafiq Neseruler I hope SPCA_SG acts fast secure rescue cat nparksbuzz please please assist secure the‚Ä¶,NEUTRAL,0.000008064262146945111,0.0030076615512371063,0.6478776931762695,0.3491065502166748,soblackvelvet
cesc_wafiq Neseruler I hope SPCA_SG acts fast secure rescue cat nparksbuzz please please assist secure the‚Ä¶,NEUTRAL,0.000008064262146945111,0.0030076615512371063,0.6478776931762695,0.3491065502166748,nximir
cesc_wafiq Neseruler I hope SPCA_SG acts fast secure rescue cat nparksbuzz please please assist secure the‚Ä¶,NEUTRAL,0.000008064262146945111,0.0030076615512371063,0.6478776931762695,0.3491065502166748,nasrulriduan
cesc_wafiq Neseruler I hope SPCA_SG acts fast secure rescue cat nparksbuzz please please assist secure the‚Ä¶,NEUTRAL,0.000008064262146945111,0.0030076615512371063,0.6478776931762695,0.3491065502166748,fjmokri
cesc_wafiq Neseruler I hope SPCA_SG acts fast secure rescue cat nparksbuzz please please assist secure the‚Ä¶,NEUTRAL,0.000008064262146945111,0.0030076615512371063,0.6478776931762695,0.3491065502166748,smileunicorn9
cesc_wafiq Neseruler I hope SPCA_SG acts fast secure rescue cat nparksbuzz please please assist secure the‚Ä¶,NEUTRAL,0.000008064262146945111,0.0030076615512371063,0.6478776931762695,0.3491065502166748,myvirginie21
anndylian Hongkong confirmed Coronavirus COVID„Éº19 pet dog Getting serious jennyzheng719 tron_squad WHO SPCA‚Ä¶,NEUTRAL,0.000022177920982358046,0.003807975444942713,0.9609948992729187,0.035174958407878876,JTS_Under1
cesc_wafiq Neseruler SPCA_SG nparksbuzz Hopefully cat wish happy reunion,NEUTRAL,0.000006419847522920463,0.00015205347153823823,0.536754846572876,0.4630866050720215,zulianazaries
cesc_wafiq Neseruler I hope SPCA_SG acts fast secure rescue cat nparksbuzz please please assist secure the‚Ä¶,NEUTRAL,0.000008064262146945111,0.0030076615512371063,0.6478776931762695,0.3491065502166748,HasanMubarak15
cesc_wafiq Neseruler I hope SPCA_SG acts fast secure rescue cat nparksbuzz please please assist secure the‚Ä¶,NEUTRAL,0.000008064262146945111,0.0030076615512371063,0.6478776931762695,0.3491065502166748,WakJangs
cesc_wafiq Neseruler I hope SPCA_SG acts fast secure rescue cat nparksbuzz please please assist secure the‚Ä¶,NEUTRAL,0.000008064262146945111,0.0030076615512371063,0.6478776931762695,0.3491065502166748,AniqBlake
cesc_wafiq Neseruler I hope SPCA_SG acts fast secure rescue cat nparksbuzz please please assist secure the‚Ä¶,NEUTRAL,0.000008064262146945111,0.0030076615512371063,0.6478776931762695,0.3491065502166748,cik_fa
cesc_wafiq Neseruler I hope SPCA_SG acts fast secure rescue cat nparksbuzz please please assist secure the‚Ä¶,NEUTRAL,0.000008064262146945111,0.0030076615512371063,0.6478776931762695,0.3491065502166748,frhfrz_
cesc_wafiq Neseruler I hope SPCA_SG acts fast secure rescue cat nparksbuzz please please assist secure the‚Ä¶,NEUTRAL,0.000008064262146945111,0.0030076615512371063,0.6478776931762695,0.3491065502166748,SaraAmagust
cesc_wafiq Neseruler I hope SPCA_SG acts fast secure rescue cat nparksbuzz please please assist secure the‚Ä¶,NEUTRAL,0.000008064262146945111,0.0030076615512371063,0.6478776931762695,0.3491065502166748,edwinaemj
cesc_wafiq Neseruler I hope SPCA_SG acts fast secure rescue cat nparksbuzz please please assist secure the‚Ä¶,NEUTRAL,0.000008064262146945111,0.0030076615512371063,0.6478776931762695,0.3491065502166748,El_0fcg
cesc_wafiq Neseruler I hope SPCA_SG acts fast secure rescue cat nparksbuzz please please assist secure the‚Ä¶,NEUTRAL,0.000008064262146945111,0.0030076615512371063,0.6478776931762695,0.3491065502166748,blcttn
cesc_wafiq Neseruler I hope SPCA_SG acts fast secure rescue cat nparksbuzz please please assist secure the‚Ä¶,NEUTRAL,0.000008064262146945111,0.0030076615512371063,0.6478776931762695,0.3491065502166748,SisShowlost
cesc_wafiq Neseruler I hope SPCA_SG acts fast secure rescue cat nparksbuzz please please assist secure the‚Ä¶,NEUTRAL,0.000008064262146945111,0.0030076615512371063,0.6478776931762695,0.3491065502166748,adibahhhzaini
cesc_wafiq Neseruler I hope SPCA_SG acts fast secure rescue cat nparksbuzz please please assist secure the‚Ä¶,NEUTRAL,0.000008064262146945111,0.0030076615512371063,0.6478776931762695,0.3491065502166748,GGinggiii
cesc_wafiq Neseruler I hope SPCA_SG acts fast secure rescue cat nparksbuzz please please assist secure the‚Ä¶,NEUTRAL,0.000008064262146945111,0.0030076615512371063,0.6478776931762695,0.3491065502166748,husnazulkhair
cesc_wafiq Neseruler I hope SPCA_SG acts fast secure rescue cat nparksbuzz please please assist secure the‚Ä¶,NEUTRAL,0.000008064262146945111,0.0030076615512371063,0.6478776931762695,0.3491065502166748,nrl_wrdh
cesc_wafiq Neseruler I hope SPCA_SG acts fast secure rescue cat nparksbuzz please please assist secure the‚Ä¶,NEUTRAL,0.000008064262146945111,0.0030076615512371063,0.6478776931762695,0.3491065502166748,nrxzzatii
cesc_wafiq Neseruler I hope SPCA_SG acts fast secure rescue cat nparksbuzz please please assist secure the‚Ä¶,NEUTRAL,0.000008064262146945111,0.0030076615512371063,0.6478776931762695,0.3491065502166748,Pikah98
cesc_wafiq Neseruler I hope SPCA_SG acts fast secure rescue cat nparksbuzz please please assist secure the‚Ä¶,NEUTRAL,0.000008064262146945111,0.0030076615512371063,0.6478776931762695,0.3491065502166748,poohmoncet
cesc_wafiq Neseruler I hope SPCA_SG acts fast secure rescue cat nparksbuzz please please assist secure the‚Ä¶,NEUTRAL,0.000008064262146945111,0.0030076615512371063,0.6478776931762695,0.3491065502166748,marshmellowwz
cesc_wafiq Neseruler I hope SPCA_SG acts fast secure rescue cat nparksbuzz please please assist secure the‚Ä¶,NEUTRAL,0.000008064262146945111,0.0030076615512371063,0.6478776931762695,0.3491065502166748,Deb18532497
cesc_wafiq Neseruler I hope SPCA_SG acts fast secure rescue cat nparksbuzz please please assist secure the‚Ä¶,NEUTRAL,0.000008064262146945111,0.0030076615512371063,0.6478776931762695,0.3491065502166748,eIissaaaa
cesc_wafiq Neseruler I hope SPCA_SG acts fast secure rescue cat nparksbuzz please please assist secure the‚Ä¶,NEUTRAL,0.000008064262146945111,0.0030076615512371063,0.6478776931762695,0.3491065502166748,justjpg
cesc_wafiq Neseruler I hope SPCA_SG acts fast secure rescue cat nparksbuzz please please assist secure the‚Ä¶,NEUTRAL,0.000008064262146945111,0.0030076615512371063,0.6478776931762695,0.3491065502166748,dayfaeruz_
cesc_wafiq Neseruler I hope SPCA_SG acts fast secure rescue cat nparksbuzz please please assist secure the‚Ä¶,NEUTRAL,0.000008064262146945111,0.0030076615512371063,0.6478776931762695,0.3491065502166748,AziamyAziz
cesc_wafiq Neseruler I hope SPCA_SG acts fast secure rescue cat nparksbuzz please please assist secure the‚Ä¶,NEUTRAL,0.000008064262146945111,0.0030076615512371063,0.6478776931762695,0.3491065502166748,ikaarrghh
cesc_wafiq Neseruler I hope SPCA_SG acts fast secure rescue cat nparksbuzz please please assist secure the‚Ä¶,NEUTRAL,0.000008064262146945111,0.0030076615512371063,0.6478776931762695,0.3491065502166748,norh_siti
cesc_wafiq Neseruler I hope SPCA_SG acts fast secure rescue cat nparksbuzz please please assist secure the‚Ä¶,NEUTRAL,0.000008064262146945111,0.0030076615512371063,0.6478776931762695,0.3491065502166748,DannyAdham
cesc_wafiq Neseruler I hope SPCA_SG acts fast secure rescue cat nparksbuzz please please assist secure the‚Ä¶,NEUTRAL,0.000008064262146945111,0.0030076615512371063,0.6478776931762695,0.3491065502166748,shaasrii
cesc_wafiq Neseruler I hope SPCA_SG acts fast secure rescue cat nparksbuzz please please assist secure the‚Ä¶,NEUTRAL,0.000008064262146945111,0.0030076615512371063,0.6478776931762695,0.3491065502166748,_aimang
cesc_wafiq Neseruler I hope SPCA_SG acts fast secure rescue cat nparksbuzz please please assist secure the‚Ä¶,NEUTRAL,0.000008064262146945111,0.0030076615512371063,0.6478776931762695,0.3491065502166748,acidicchristie
cesc_wafiq Neseruler I hope SPCA_SG acts fast secure rescue cat nparksbuzz please please assist secure the‚Ä¶,NEUTRAL,0.000008064262146945111,0.0030076615512371063,0.6478776931762695,0.3491065502166748,ALIFFAHSHAHILA
cesc_wafiq Neseruler I hope SPCA_SG acts fast secure rescue cat nparksbuzz please please assist secure the‚Ä¶,NEUTRAL,0.000008064262146945111,0.0030076615512371063,0.6478776931762695,0.3491065502166748,taezty
cesc_wafiq Neseruler I hope SPCA_SG acts fast secure rescue cat nparksbuzz please please assist secure the‚Ä¶,NEUTRAL,0.000008064262146945111,0.0030076615512371063,0.6478776931762695,0.3491065502166748,intxnavc_
cesc_wafiq Neseruler I hope SPCA_SG acts fast secure rescue cat nparksbuzz please please assist secure the‚Ä¶,NEUTRAL,0.000008064262146945111,0.0030076615512371063,0.6478776931762695,0.3491065502166748,NyamiSyahiran
cesc_wafiq Neseruler I hope SPCA_SG acts fast secure rescue cat nparksbuzz please please assist secure the‚Ä¶,NEUTRAL,0.000008064262146945111,0.0030076615512371063,0.6478776931762695,0.3491065502166748,belleluncas
cesc_wafiq Neseruler I hope SPCA_SG acts fast secure rescue cat nparksbuzz please please assist secure the‚Ä¶,NEUTRAL,0.000008064262146945111,0.0030076615512371063,0.6478776931762695,0.3491065502166748,zaanajiah
cesc_wafiq Neseruler I hope SPCA_SG acts fast secure rescue cat nparksbuzz please please assist secure the‚Ä¶,NEUTRAL,0.000008064262146945111,0.0030076615512371063,0.6478776931762695,0.3491065502166748,alya_afrina
cesc_wafiq Neseruler I hope SPCA_SG acts fast secure rescue cat nparksbuzz please please assist secure the‚Ä¶,NEUTRAL,0.000008064262146945111,0.0030076615512371063,0.6478776931762695,0.3491065502166748,clrsyxjy
cesc_wafiq Neseruler I hope SPCA_SG acts fast secure rescue cat nparksbuzz please please assist secure the‚Ä¶,NEUTRAL,0.000008064262146945111,0.0030076615512371063,0.6478776931762695,0.3491065502166748,bitterasswraith
cesc_wafiq Neseruler I hope SPCA_SG acts fast secure rescue cat nparksbuzz please please assist secure the‚Ä¶,NEUTRAL,0.000008064262146945111,0.0030076615512371063,0.6478776931762695,0.3491065502166748,Intan_Hartinie
cesc_wafiq Neseruler I hope SPCA_SG acts fast secure rescue cat nparksbuzz please please assist secure the‚Ä¶,NEUTRAL,0.000008064262146945111,0.0030076615512371063,0.6478776931762695,0.3491065502166748,nfadhleenaa
cesc_wafiq Neseruler I hope SPCA_SG acts fast secure rescue cat nparksbuzz please please assist secure the‚Ä¶,NEUTRAL,0.000008064262146945111,0.0030076615512371063,0.6478776931762695,0.3491065502166748,mhedfard
cesc_wafiq Neseruler I hope SPCA_SG acts fast secure rescue cat nparksbuzz please please assist secure the‚Ä¶,NEUTRAL,0.000008064262146945111,0.0030076615512371063,0.6478776931762695,0.3491065502166748,cikinooo
cesc_wafiq Neseruler I hope SPCA_SG acts fast secure rescue cat nparksbuzz please please assist secure the‚Ä¶,NEUTRAL,0.000008064262146945111,0.0030076615512371063,0.6478776931762695,0.3491065502166748,nrulnatasyaa
cesc_wafiq Neseruler I hope SPCA_SG acts fast secure rescue cat nparksbuzz please please assist secure the‚Ä¶,NEUTRAL,0.000008064262146945111,0.0030076615512371063,0.6478776931762695,0.3491065502166748,venkybenky
cesc_wafiq Neseruler I hope SPCA_SG acts fast secure rescue cat nparksbuzz please please assist secure the‚Ä¶,NEUTRAL,0.000008064262146945111,0.0030076615512371063,0.6478776931762695,0.3491065502166748,hwaiting
cesc_wafiq Neseruler I hope SPCA_SG acts fast secure rescue cat nparksbuzz please please assist secure the‚Ä¶,NEUTRAL,0.000008064262146945111,0.0030076615512371063,0.6478776931762695,0.3491065502166748,sabilanazir
cesc_wafiq Neseruler I hope SPCA_SG acts fast secure rescue cat nparksbuzz please please assist secure the‚Ä¶,NEUTRAL,0.000008064262146945111,0.0030076615512371063,0.6478776931762695,0.3491065502166748,nurainnuyen
cesc_wafiq Neseruler I hope SPCA_SG acts fast secure rescue cat nparksbuzz please please assist secure the‚Ä¶,NEUTRAL,0.000008064262146945111,0.0030076615512371063,0.6478776931762695,0.3491065502166748,Sfq_azani
cesc_wafiq Neseruler I hope SPCA_SG acts fast secure rescue cat nparksbuzz please please assist secure the‚Ä¶,NEUTRAL,0.000008064262146945111,0.0030076615512371063,0.6478776931762695,0.3491065502166748,blqshmjh
cesc_wafiq Neseruler I hope SPCA_SG acts fast secure rescue cat nparksbuzz please please assist secure the‚Ä¶,NEUTRAL,0.000008064262146945111,0.0030076615512371063,0.6478776931762695,0.3491065502166748,shafikaghanii
cesc_wafiq Neseruler SPCA_SG nparksbuzz üôèüèΩ I hope SPCA_SG rescue cat even way treat cat ...,NEUTRAL,0.0000036713702229462797,0.0006710275774821639,0.5283620953559875,0.4709632992744446,hugobrown
cesc_wafiq Neseruler I hope SPCA_SG acts fast secure rescue cat nparksbuzz please please assist secure the‚Ä¶,NEUTRAL,0.000008064262146945111,0.0030076615512371063,0.6478776931762695,0.3491065502166748,FREEFROMBRACES
cesc_wafiq Neseruler I hope SPCA_SG acts fast secure rescue cat nparksbuzz please please assist secure the‚Ä¶,NEUTRAL,0.000008064262146945111,0.0030076615512371063,0.6478776931762695,0.3491065502166748,liyananazuha
cesc_wafiq Neseruler I hope SPCA_SG acts fast secure rescue cat nparksbuzz please please assist secure the‚Ä¶,NEUTRAL,0.000008064262146945111,0.0030076615512371063,0.6478776931762695,0.3491065502166748,tiqxh
cesc_wafiq Neseruler I hope SPCA_SG acts fast secure rescue cat nparksbuzz please please assist secure the‚Ä¶,NEUTRAL,0.000008064262146945111,0.0030076615512371063,0.6478776931762695,0.3491065502166748,pakshuk_
cesc_wafiq Neseruler SPCA_SG nparksbuzz Whats facebook,NEUTRAL,0.0000012824367559005623,0.000022925758457859047,0.9994804263114929,0.0004953087773174047,rudyonearmy
cesc_wafiq Neseruler I hope SPCA_SG acts fast secure rescue cat nparksbuzz please please assist secure the‚Ä¶,NEUTRAL,0.000008064262146945111,0.0030076615512371063,0.6478776931762695,0.3491065502166748,_Far98
cesc_wafiq Neseruler I hope SPCA_SG acts fast secure rescue cat nparksbuzz please please assist secure the‚Ä¶,NEUTRAL,0.000008064262146945111,0.0030076615512371063,0.6478776931762695,0.3491065502166748,apishFishy
cesc_wafiq Neseruler I hope SPCA_SG acts fast secure rescue cat nparksbuzz please please assist secure the‚Ä¶,NEUTRAL,0.000008064262146945111,0.0030076615512371063,0.6478776931762695,0.3491065502166748,mirzan_shh
cesc_wafiq Neseruler I hope SPCA_SG acts fast secure rescue cat nparksbuzz please please assist secure the‚Ä¶,NEUTRAL,0.000008064262146945111,0.0030076615512371063,0.6478776931762695,0.3491065502166748,Ku_pemalu
cesc_wafiq Neseruler I hope SPCA_SG acts fast secure rescue cat nparksbuzz please please assist secure the‚Ä¶,NEUTRAL,0.000008064262146945111,0.0030076615512371063,0.6478776931762695,0.3491065502166748,keymira_96
cesc_wafiq Neseruler I hope SPCA_SG acts fast secure rescue cat nparksbuzz please please assist secure the‚Ä¶,NEUTRAL,0.000008064262146945111,0.0030076615512371063,0.6478776931762695,0.3491065502166748,awmazink
cesc_wafiq Neseruler I hope SPCA_SG acts fast secure rescue cat nparksbuzz please please assist secure the‚Ä¶,NEUTRAL,0.000008064262146945111,0.0030076615512371063,0.6478776931762695,0.3491065502166748,_mbms_
cesc_wafiq Neseruler I hope SPCA_SG acts fast secure rescue cat nparksbuzz please please assist secure the‚Ä¶,NEUTRAL,0.000008064262146945111,0.0030076615512371063,0.6478776931762695,0.3491065502166748,ainsuhadaahmadd
cesc_wafiq Neseruler I hope SPCA_SG acts fast secure rescue cat nparksbuzz please please assist secure the‚Ä¶,NEUTRAL,0.000008064262146945111,0.0030076615512371063,0.6478776931762695,0.3491065502166748,stfuazmie
cesc_wafiq Neseruler I hope SPCA_SG acts fast secure rescue cat nparksbuzz please please assist secure the‚Ä¶,NEUTRAL,0.000008064262146945111,0.0030076615512371063,0.6478776931762695,0.3491065502166748,slider_al
cesc_wafiq Neseruler I hope SPCA_SG acts fast secure rescue cat nparksbuzz please please assist secure the‚Ä¶,NEUTRAL,0.000008064262146945111,0.0030076615512371063,0.6478776931762695,0.3491065502166748,rsym__
cesc_wafiq Neseruler I hope SPCA_SG acts fast secure rescue cat nparksbuzz please please assist secure the‚Ä¶,NEUTRAL,0.000008064262146945111,0.0030076615512371063,0.6478776931762695,0.3491065502166748,M00NLIGHTASTE
cesc_wafiq Neseruler I hope SPCA_SG acts fast secure rescue cat nparksbuzz please please assist secure the‚Ä¶,NEUTRAL,0.000008064262146945111,0.0030076615512371063,0.6478776931762695,0.3491065502166748,Wando_nam
cesc_wafiq Neseruler I hope SPCA_SG acts fast secure rescue cat nparksbuzz please please assist secure the‚Ä¶,NEUTRAL,0.000008064262146945111,0.0030076615512371063,0.6478776931762695,0.3491065502166748,zaim__akmal
cesc_wafiq Neseruler I hope SPCA_SG acts fast secure rescue cat nparksbuzz please please assist secure the‚Ä¶,NEUTRAL,0.000008064262146945111,0.0030076615512371063,0.6478776931762695,0.3491065502166748,nrhfzarsli
cesc_wafiq Neseruler I hope SPCA_SG acts fast secure rescue cat nparksbuzz please please assist secure the‚Ä¶,NEUTRAL,0.000008064262146945111,0.0030076615512371063,0.6478776931762695,0.3491065502166748,kooqieshyy
cesc_wafiq Neseruler I hope SPCA_SG acts fast secure rescue cat nparksbuzz please please assist secure the‚Ä¶,NEUTRAL,0.000008064262146945111,0.0030076615512371063,0.6478776931762695,0.3491065502166748,iDanielyap
cesc_wafiq Neseruler I hope SPCA_SG acts fast secure rescue cat nparksbuzz please please assist secure the‚Ä¶,NEUTRAL,0.000008064262146945111,0.0030076615512371063,0.6478776931762695,0.3491065502166748,sandwichslnd_
cesc_wafiq Neseruler I hope SPCA_SG acts fast secure rescue cat nparksbuzz please please assist secure the‚Ä¶,NEUTRAL,0.000008064262146945111,0.0030076615512371063,0.6478776931762695,0.3491065502166748,nsyahirahml
cesc_wafiq Neseruler I hope SPCA_SG acts fast secure rescue cat nparksbuzz please please assist secure the‚Ä¶,NEUTRAL,0.000008064262146945111,0.0030076615512371063,0.6478776931762695,0.3491065502166748,yana_y4
cesc_wafiq Neseruler I hope SPCA_SG acts fast secure rescue cat nparksbuzz please please assist secure the‚Ä¶,NEUTRAL,0.000008064262146945111,0.0030076615512371063,0.6478776931762695,0.3491065502166748,_dimzdini_
cesc_wafiq Neseruler I hope SPCA_SG acts fast secure rescue cat nparksbuzz please please assist secure the‚Ä¶,NEUTRAL,0.000008064262146945111,0.0030076615512371063,0.6478776931762695,0.3491065502166748,haniaufaa
cesc_wafiq Neseruler I hope SPCA_SG acts fast secure rescue cat nparksbuzz please please assist secure the‚Ä¶,NEUTRAL,0.000008064262146945111,0.0030076615512371063,0.6478776931762695,0.3491065502166748,namujiey
cesc_wafiq Neseruler I hope SPCA_SG acts fast secure rescue cat nparksbuzz please please assist secure the‚Ä¶,NEUTRAL,0.000008064262146945111,0.0030076615512371063,0.6478776931762695,0.3491065502166748,KrzzySngh
cesc_wafiq Neseruler I hope SPCA_SG acts fast secure rescue cat nparksbuzz please please assist secure the‚Ä¶,NEUTRAL,0.000008064262146945111,0.0030076615512371063,0.6478776931762695,0.3491065502166748,momicheese
cesc_wafiq Neseruler I hope SPCA_SG acts fast secure rescue cat nparksbuzz please please assist secure the‚Ä¶,NEUTRAL,0.000008064262146945111,0.0030076615512371063,0.6478776931762695,0.3491065502166748,316rapunzel
cesc_wafiq Neseruler I hope SPCA_SG acts fast secure rescue cat nparksbuzz please please assist secure the‚Ä¶,NEUTRAL,0.000008064262146945111,0.0030076615512371063,0.6478776931762695,0.3491065502166748,elliotArchery
cesc_wafiq Neseruler I hope SPCA_SG acts fast secure rescue cat nparksbuzz please please assist secure the‚Ä¶,NEUTRAL,0.000008064262146945111,0.0030076615512371063,0.6478776931762695,0.3491065502166748,hmairahh_
cesc_wafiq Neseruler I hope SPCA_SG acts fast secure rescue cat nparksbuzz please please assist secure the‚Ä¶,NEUTRAL,0.000008064262146945111,0.0030076615512371063,0.6478776931762695,0.3491065502166748,Bae4127014
cesc_wafiq Neseruler I hope SPCA_SG acts fast secure rescue cat nparksbuzz please please assist secure the‚Ä¶,NEUTRAL,0.000008064262146945111,0.0030076615512371063,0.6478776931762695,0.3491065502166748,wawarahmn
cesc_wafiq Neseruler I hope SPCA_SG acts fast secure rescue cat nparksbuzz please please assist secure the‚Ä¶,NEUTRAL,0.000008064262146945111,0.0030076615512371063,0.6478776931762695,0.3491065502166748,__ginna__
cesc_wafiq Neseruler I hope SPCA_SG acts fast secure rescue cat nparksbuzz please please assist secure the‚Ä¶,NEUTRAL,0.000008064262146945111,0.0030076615512371063,0.6478776931762695,0.3491065502166748,maripossaa___
cesc_wafiq Neseruler I hope SPCA_SG acts fast secure rescue cat nparksbuzz please please assist secure the‚Ä¶,NEUTRAL,0.000008064262146945111,0.0030076615512371063,0.6478776931762695,0.3491065502166748,nawalbiebs
cesc_wafiq Neseruler I hope SPCA_SG acts fast secure rescue cat nparksbuzz please please assist secure the‚Ä¶,NEUTRAL,0.000008064262146945111,0.0030076615512371063,0.6478776931762695,0.3491065502166748,HBA_twt
cesc_wafiq Neseruler I hope SPCA_SG acts fast secure rescue cat nparksbuzz please please assist secure the‚Ä¶,NEUTRAL,0.000008064262146945111,0.0030076615512371063,0.6478776931762695,0.3491065502166748,Meowwwissa
cesc_wafiq Neseruler I hope SPCA_SG acts fast secure rescue cat nparksbuzz please please assist secure the‚Ä¶,NEUTRAL,0.000008064262146945111,0.0030076615512371063,0.6478776931762695,0.3491065502166748,qayyumaliff_
cesc_wafiq Neseruler I hope SPCA_SG acts fast secure rescue cat nparksbuzz please please assist secure the‚Ä¶,NEUTRAL,0.000008064262146945111,0.0030076615512371063,0.6478776931762695,0.3491065502166748,fara_nach
cesc_wafiq Neseruler I hope SPCA_SG acts fast secure rescue cat nparksbuzz please please assist secure the‚Ä¶,NEUTRAL,0.000008064262146945111,0.0030076615512371063,0.6478776931762695,0.3491065502166748,HanaChan3000
cesc_wafiq Neseruler I hope SPCA_SG acts fast secure rescue cat nparksbuzz please please assist secure the‚Ä¶,NEUTRAL,0.000008064262146945111,0.0030076615512371063,0.6478776931762695,0.3491065502166748,zubiedaboudjit
cesc_wafiq Neseruler I hope SPCA_SG acts fast secure rescue cat nparksbuzz please please assist secure the‚Ä¶,NEUTRAL,0.000008064262146945111,0.0030076615512371063,0.6478776931762695,0.3491065502166748,Afrodit_Artemis
cesc_wafiq Neseruler I hope SPCA_SG acts fast secure rescue cat nparksbuzz please please assist secure the‚Ä¶,NEUTRAL,0.000008064262146945111,0.0030076615512371063,0.6478776931762695,0.3491065502166748,sheiswehh
cesc_wafiq Neseruler I hope SPCA_SG acts fast secure rescue cat nparksbuzz please please assist secure the‚Ä¶,NEUTRAL,0.000008064262146945111,0.0030076615512371063,0.6478776931762695,0.3491065502166748,bchiskndr
This animal abuse If cat pets misbehaving better ways teach The cat obvio‚Ä¶ https //t.co/UCndWpzoxe,NEGATIVE,0.000015634366718586534,0.8779202699661255,0.11719725281000137,0.0048668659292161465,_sfab
Neseruler I hope SPCA_SG acts fast secure rescue cat nparksbuzz please please assist secur‚Ä¶ https //t.co/wUn8yy3e9i,NEUTRAL,0.00000961991918302374,0.02403767965734005,0.6550328731536865,0.32091984152793884,cesc_wafiq
Neseruler SPCA_SG Spam spca,NEUTRAL,0.0000018816243709807168,0.0008441376849077642,0.995866060256958,0.003287854604423046,ARinitials
Bruh tryna get away deactivate shit ... SPCA_SG SingaporePolice https //t.co/AmIuUOBCd9,NEUTRAL,0.0000020319591840234352,0.16166453063488007,0.8377342820167542,0.0005991862853989005,nahqib
anndylian Hongkong confirmed Coronavirus COVID„Éº19 pet dog Getting serious jennyzheng719 tron_squad WHO SPCA‚Ä¶,NEUTRAL,0.000022177920982358046,0.003807975444942713,0.9609948992729187,0.035174958407878876,CryptoMay1
anndylian Hongkong confirmed Coronavirus COVID„Éº19 pet dog Getting serious jennyzheng719 tron_squad WHO SPCA‚Ä¶,NEUTRAL,0.000022177920982358046,0.003807975444942713,0.9609948992729187,0.035174958407878876,Ayuzi4
